tweet_id,hashtag
1381623331846303744,OfWomenAndSalt
1381623331846303744,SPRC2021
1381950562476961792,GetHeadway
1381623331846303744,OfWomenAndSalt
1381623331846303744,SPRC2021
1381950562476961792,GetHeadway
1381950540440076292,BookBoost
1381950540440076292,Reading
1381950540440076292,writing
1381945154639044608,Udaan
1381908377970741249,สาดน้ำทิพย์xเอิร์ทมิกซ์
1381945154639044608,Udaan
1381945154639044608,Udaan
1381950246981353475,Moviesnack
1381945154639044608,Udaan
1381890451880476673,Audio
1381890451880476673,EXPLOSIVE
1381890451880476673,Dartmoor
1381890451880476673,Victorian
1381890451880476673,saga
1381890451880476673,deception
1381890451880476673,prison
1381890451880476673,arson
1381890451880476673,love
1381945154639044608,Udaan
1381945154639044608,Udaan
1381945154639044608,Udaan
1381945154639044608,Udaan
1381664136300523524,whatbeautythereis
1381949920677011456,Snatch
1381949920677011456,Channel
1381763343770210312,GodMorningTuesday
1381945154639044608,Udaan
1381409910966063104,MustListen_Satsang
1381945154639044608,Udaan
1381949234560307204,podcast
1381949234560307204,pets
1381949234560307204,books
1381949234560307204,life
1381949197620928517,booktwt
1381949197620928517,fandomtwt
1381945154639044608,Udaan
1381945154639044608,Udaan
1381945154639044608,Udaan
1381949600899203073,life
1381949600899203073,share2steem
1381949197620928517,booktwt
1381949197620928517,fandomtwt
1381945154639044608,Udaan
1381938484563210243,tuesdaymotivations
1381949496788127745,VBT
1381949496788127745,Mystery
1381949492484657154,girlshostel
1381945154639044608,Udaan
1381946147707748355,CrimeAndJusticeShowmax
1381945154639044608,Udaan
1381945154639044608,Udaan
1381945154639044608,Udaan
1381949311370592256,books
1381949311370592256,reading
1381949311370592256,bookshops
1381949288226430977,librarylove
1381630689771159555,MiddayGuide
1381949234560307204,podcast
1381949234560307204,pets
1381949234560307204,books
1381949234560307204,life
1381949197620928517,booktwt
1381949197620928517,fandomtwt
1381945154639044608,Udaan
1381949132621889545,bipolardisorder
1381949054016499712,ChangeManagement
1381949054016499712,ADKAR
1381606339546259463,book
1381940853778874376,WritingCommunity
1381940853778874376,5amwritersclub
1381940853778874376,writerLift
1381940853778874376,genre
1381940853778874376,WIP
1381940853778874376,book
1381949042062729218,asmsg
1381949042062729218,iartg
1381949042062729218,amreading
1381949042062729218,reading
1381949042062729218,book
1381937589142216705,Teddy
1381871953535991808,Regency
1381871953535991808,HotNewRelease
1381945154639044608,Udaan
1353289242458386437,baby
1353289242458386437,toddlerlife
1381946147707748355,CrimeAndJusticeShowmax
1381948907643678720,books
1381948907643678720,reading
1381945154639044608,Udaan
1381945154639044608,Udaan
1381948793462030340,Kindle
1381948793462030340,Free
1381948793462030340,Amazon
1381948793462030340,Books
1381948793462030340,Romance
1381948793462030340,Reading
1381948793462030340,Book
1381945154639044608,Udaan
1381945154639044608,Udaan
1381780281699356675,tuesdaymotivations
1381945154639044608,Udaan
1381329533597409280,WritingCommunity
1381329533597409280,WriterLift
1381329533597409280,Link
1381329533597409280,blog
1381329533597409280,gif
1381945154639044608,Udaan
1381948549907283978,trakt
1381945154639044608,Udaan
1381630689771159555,MiddayGuide
1381948472220282889,atots
1381948472220282889,ataleofthousandstars
1381749035548221446,WritingCommunity
1381749035548221446,5amwritersclub
1381749035548221446,writerLift
1381749035548221446,genre
1381749035548221446,WIP
1381749035548221446,book
1381946147707748355,CrimeAndJusticeShowmax
1381849825117827074,WritingCommunity
1375992034016645122,आओ_होली_ऐसेमनाएं
1381945154639044608,Udaan
1381945154639044608,Udaan
1375997454756155398,आओ_होली_ऐसेमनाएं
1381948190744793095,TopTen
1381948190744793095,Books
1381890451880476673,Audio
1381890451880476673,EXPLOSIVE
1381890451880476673,Dartmoor
1381890451880476673,Victorian
1381890451880476673,saga
1381890451880476673,deception
1381890451880476673,prison
1381890451880476673,arson
1381890451880476673,love
1381945154639044608,Udaan
1381926066738974722,WritingCommunity
1381926066738974722,poetry
1381926066738974722,IndieApril
1381926066738974722,epic
1381926066738974722,writerslift
1381926066738974722,reading
1381926066738974722,book
1381946399667945472,mimosa
1381948003695661056,crimefiction
1381948003695661056,bookstagram
1381948003695661056,books
1381948003695661056,crime
1381799303056855042,FREE
1381945154639044608,Udaan
1381945154639044608,Udaan
1381890451880476673,Audio
1381890451880476673,EXPLOSIVE
1381890451880476673,Dartmoor
1381890451880476673,Victorian
1381890451880476673,saga
1381890451880476673,deception
1381890451880476673,prison
1381890451880476673,arson
1381890451880476673,love
1381945154639044608,Udaan
1381947800934514688,LegacyWebShow
1381946399667945472,mimosa
1381945154639044608,Udaan
1381704201613553672,SecretWindow
1381945154639044608,Udaan
1381947706583646209,sarahwalters
1381947706583646209,reading
1381947706583646209,WW2
1381945154639044608,Udaan
1381946147707748355,CrimeAndJusticeShowmax
1381945599369560067,episode
1381945599369560067,theprinceandthedressmaker
1381945599369560067,Hades
1381945154639044608,Udaan
1381945154639044608,Udaan
1381945154639044608,Udaan
1381945154639044608,Udaan
1289543000167575552,TAEYONG
1381946399667945472,mimosa
1381945154639044608,Udaan
1381937589142216705,Teddy
1381681049332285440,scifi
1381681049332285440,book
1381681049332285440,books
1381945154639044608,Udaan
1381945154639044608,Udaan
1381945154639044608,Udaan
1381947083993837570,NewYorkTimes
1381947077601730563,books
1381947077601730563,quote
1381945154639044608,Udaan
1381938495447519234,blog
1381946525618700289,asmsg
1381946525618700289,iartg
1381946525618700289,amreading
1381946525618700289,bookboost
1381946517704036354,studentnurse
1381946147707748355,CrimeAndJusticeShowmax
1381946937679745024,WatchHerFall
1381945154639044608,Udaan
1381945154639044608,Udaan
1381945154639044608,Udaan
1381843715967361028,thriller
1381945154639044608,Udaan
1381946786617696267,MustListen_Satsang
1269901863496941570,FREEBOOKS
1381922440880791554,Review
1381946147707748355,CrimeAndJusticeShowmax
1381945154639044608,Udaan
1381945154639044608,Udaan
1381864734547267585,Tudor
1381864734547267585,HistoricalFiction
1381864734547267585,KindleUnlimited
1381945154639044608,Udaan
1381945154639044608,Udaan
1381946525618700289,asmsg
1381946525618700289,iartg
1381946525618700289,amreading
1381946525618700289,bookboost
1381946525618700289,asmsg
1381946525618700289,iartg
1381946525618700289,amreading
1381946525618700289,bookboost
1381945154639044608,Udaan
1381937589142216705,Teddy
1381945154639044608,Udaan
1381945154639044608,Udaan
1381946399667945472,mimosa
1381945154639044608,Udaan
1381945154639044608,Udaan
1381945154639044608,Udaan
1381946147707748355,CrimeAndJusticeShowmax
1381865446966759428,louies
1381865446966759428,BestFanArmy
1381865446966759428,iHeartAwards
1381945154639044608,Udaan
1381946204964196357,space
1381946204964196357,science
1381945154639044608,Udaan
1381945154639044608,Udaan
1381945154639044608,Udaan
1381946147707748355,CrimeAndJusticeShowmax
1381945154639044608,Udaan
1381945154639044608,Udaan
1381945154639044608,Udaan
1381755810691227648,tuesdaymotivations
1381620716764717061,MondayMotivation
1381945154639044608,Udaan
1381945154639044608,Udaan
1381945154639044608,Udaan
1381945877313548291,CareyMulligan
1381945154639044608,Udaan
1381945599369560067,episode
1381945599369560067,theprinceandthedressmaker
1381945599369560067,Hades
1381816212540297220,BigData
1381816212540297220,Analytics
1381816212540297220,DataScience
1381816212540297220,IoT
1381816212540297220,IIoT
1381816212540297220,Python
1381257174903517185,Yuvarathnaa
1381257174903517185,AmazonPrime
1381257174903517185,thankuamazonprime
1381945154639044608,Udaan
1381945154639044608,Udaan
1381945599369560067,episode
1381945599369560067,theprinceandthedressmaker
1381945599369560067,Hades
1381945154639044608,Udaan
1381945154639044608,Udaan
1381945154639044608,Udaan
1381826621926076416,mjbReading
1381826621926076416,Reading
1381826621926076416,Books
1381826621926076416,mjbBooks
1381826621926076416,mjbBookNotes
1381945154639044608,Udaan
1381864734547267585,Tudor
1381864734547267585,HistoricalFiction
1381864734547267585,KindleUnlimited
1381929941978206213,Denver
1381763343770210312,GodMorningTuesday
1381945154639044608,Udaan
1381570436647940100,AddtoCart
1381570436647940100,SupportLocal
1381570436647940100,AddtoHeart
1381329533597409280,WritingCommunity
1381329533597409280,WriterLift
1381329533597409280,Link
1381329533597409280,blog
1381329533597409280,gif
1373626808428605440,LibraryBooks
1381938495447519234,blog
1381755810691227648,tuesdaymotivations
1381907154123120640,RrahulSudhir
1381944881090732034,netflix
1381944881090732034,netflixandchill
1381704201613553672,SecretWindow
1381944842050183176,Mandela
1381895598450835460,JhalakPrizeAt5
1381944757321138177,josephroth
1381944757321138177,granta
1381944757321138177,roth
1381944757321138177,notphiliproth
1381944757321138177,books
1381944757321138177,reading
1381944757321138177,fairytales
1381838111680966656,FREE
1381838111680966656,KindleUnlimited
1381944722218917888,TheSerpent
1381823618405961730,AlitaArmy
1381823618405961730,AlitaBattleAngel
1381823618405961730,AlitaSequel
1381749035548221446,WritingCommunity
1381749035548221446,5amwritersclub
1381749035548221446,writerLift
1381749035548221446,genre
1381749035548221446,WIP
1381749035548221446,book
1381755810691227648,tuesdaymotivations
1381938495447519234,blog
1381925305250689032,DaunteWright
1381944339115442176,Mahalia
1381895598450835460,JhalakPrizeAt5
1381740502895190016,Trending
1381740502895190016,ZhangZhehan
1381936954581917698,NuriaStore
1381944088346386432,KindleUnlimited
1381944088346386432,IARTG
1381944088346386432,thrillers
1381944088346386432,surgery
1381944088346386432,Anesthesiology
1381944088346386432,Psychiatry
1381944088346386432,Medstudent
1381944088346386432,Reading
1381944088346386432,books
1381944088346386432,BoxSet
1312503564464316417,rt
1312503564464316417,spirituality
1312503564464316417,kindle
1312503564464316417,books
1312503564464316417,iartg
1312503564464316417,ASMSG
1312503564464316417,book
1381657845301706761,Jan6
1381943770422251521,Natanz
1381943770422251521,iranregimechange
1381943751401082882,Ramadan
1381894931527176192,books
1381895598450835460,JhalakPrizeAt5
1381895598450835460,JhalakPrizeAt5
1381329533597409280,WritingCommunity
1381329533597409280,WriterLift
1381329533597409280,Link
1381329533597409280,blog
1381329533597409280,gif
1381943453932732425,Kindle
1381943453932732425,Nook
1381938495447519234,blog
1381943264895361027,Vakeelsab
1381917807856783361,PlantAppreciationDay
1381943138583867393,poetry
1381329533597409280,WritingCommunity
1381329533597409280,WriterLift
1381329533597409280,Link
1381329533597409280,blog
1381329533597409280,gif
1381706262958735362,IARTG
1381706262958735362,KindleUnlimited
1381706262958735362,organdonation
1381706262958735362,surgery
1381706262958735362,Transplant
1381706262958735362,medical
1381706262958735362,fiction
1381706262958735362,dogs
1381706262958735362,reading
1381706262958735362,books
1381706262958735362,bynr
1381942984678182913,Win
1381606590621618188,book
1381646534501089283,SpreadKindness
1381926548354211841,tuesdaymotivations
1381940853778874376,WritingCommunity
1381940853778874376,5amwritersclub
1381940853778874376,writerLift
1381940853778874376,genre
1381940853778874376,WIP
1381940853778874376,book
1381606730442764288,book
1381942747502759937,romance
1381942747502759937,reading
1381942747502759937,kindle
1381630689771159555,MiddayGuide
1381780281699356675,tuesdaymotivations
1381942543017971713,trakt
1381570436647940100,AddtoCart
1381570436647940100,SupportLocal
1381570436647940100,AddtoHeart
1381928792118165507,books
1381928792118165507,reading
